<?xml version="1.0" encoding="UTF-8"?>
<project xmlns="http://maven.apache.org/POM/4.0.0"
         xmlns:xsi="http://www.w3.org/2001/XMLSchema-instance"
         xsi:schemaLocation="http://maven.apache.org/POM/4.0.0 http://maven.apache.org/xsd/maven-4.0.0.xsd">
    <modelVersion>4.0.0</modelVersion>
    <parent>
        <groupId>org.springframework.boot</groupId>
        <artifactId>spring-boot-starter-parent</artifactId>
        <version>2.6.3</version>
        <relativePath/>
    </parent>
    <groupId>com.hdfcbank</groupId>
    <artifactId>blel</artifactId>
    <packaging>pom</packaging>
    <version>1.0-SNAPSHOT</version>
    <modules>
        <module>CORE</module>
        <module>CustomerIdentification</module>
        <module>Disbursement</module>
        <module>Offer</module>
        <module>LoanEngineUtility</module>
        <module>E-KYC</module>
        <module>ExternalIntegration</module>
        <module>stp-service</module>
        <module>nonstp-service</module>
        <module>DiscbursementSch</module>
        <module>nonstp-service_rabbitmq</module>

    </modules>

    <properties>
        <maven.compiler.source>8</maven.compiler.source>
        <maven.compiler.target>8</maven.compiler.target>
    </properties>

</project>