<?xml version="1.0" encoding="UTF-8"?>
<configuration>
    <property  resource="application.yaml" />
    <springProperty name="service" source="spring.application.name"/>
    <variable scope="context" name="mdcPattern" value="ip=%X{clientIpAddress} requestUri=%X{requestUri} correlationId=%X{correlationId} customerId=%X{customerId} persona=%X{persona} deviceId=%X{deviceId} mobile=%X{mobileNo}"/>
    <appender name="stdout" class="ch.qos.logback.core.ConsoleAppender">
        <encoder>
            <pattern>%d{yyyy-MM-dd HH:mm:ss.SSS} %5p [${service}:%thread] ${mdcPattern}%n %logger{40} - %msg%n
            </pattern>
        </encoder>
    </appender>
    <appender name="jsonstdout" class="ch.qos.logback.core.ConsoleAppender">
        <encoder class="net.logstash.logback.encoder.LoggingEventCompositeJsonEncoder">
            <providers>
                <timestamp>
                    <timeZone>IST</timeZone>
                </timestamp>
                <pattern>
                    <omitEmptyFields>true</omitEmptyFields>
                    <pattern>
                        {
                        "clientIpAddress":"%X{clientIpAddress}",
                        "service": "${service}",
                        "requestUri":"%X{requestUri}",
                        "correlationId":"%X{correlationId}",
                        "thread": "%thread",
                        "class": "%logger{40}",
                        "btrnRefNo": "%X{btrnRefNo}",
                        "trnRefNoPartner": "%X{trnRefNoPartner}",
                        "bankJourneyId": "%X{bankJourneyId}",
                        "deviceId": "%X{deviceId}",
                        "mobileNo": "%X{mobileNo}",
                        "level": "%level",
                        "message": "%message"
                        }
                    </pattern>
                </pattern>
                <stackTrace>
                    <throwableConverter class="net.logstash.logback.stacktrace.ShortenedThrowableConverter">
                        <maxDepthPerThrowable>30</maxDepthPerThrowable>
                        <maxLength>2048</maxLength>
                        <shortenedClassNameLength>20</shortenedClassNameLength>
                        <rootCauseFirst>true</rootCauseFirst>
                    </throwableConverter>
                </stackTrace>
            </providers>
        </encoder>
    </appender>
    <root level="info">
        <springProfile name="test">
            <appender-ref ref="stdout"/>
        </springProfile>
        <springProfile name="!test">
            <appender-ref ref="jsonstdout"/>
        </springProfile>
    </root>

</configuration>
