{
    "type": "fetchCustomerCASADetailsResDTO",
    "status": {
        "errorCode": "0",
        "extendedReply": {},
        "externalReferenceNo": "289t79269787011",
        "internalReferenceNumber": "2022091267425258",
        "isOverriden": false,
        "postingDate": {
            "dateString": "20220401000000"
        },
        "replyCode": 0,
        "replyText": "0"
    },
    "customerCASADetailsDTO": [
        {
            "casaAccountDetails": [
                {
                    "accountNumber": "01601000082907",
                    "accountStatus": "8",
                    "accountType": "RESIDENT",
                    "acctBranchName": "BOISAR - MAHARASHTRA REST IS ALSJSJSJNNJ",
                    "balAvailable": 6005942749.97,
                    "branchCode": "160",
                    "clearBalance": 6005942749.97,
                    "custAcctRel": "SOW",
                    "datAcctOpen": "20100313",
                    "flgNomineeNameDisplay": "N",
                    "nomineeAvailable": "Y",
                    "nomineeDOB": "19921010",
                    "nomineeName": "Manoj Khas",
                    "productCode": 100,
                    "productName": "SAVINGS A/C - RESIDENTS100",
                    "productType": "SAVING"
                },
                {
                    "accountNumber": "01601000091394",
                    "accountStatus": "10",
                    "accountType": "RESIDENT",
                    "acctBranchName": "CONNAUGHT PLACE - SURYA KIRAN",
                    "balAvailable": 2029294,
                    "branchCode": "3",
                    "clearBalance": 2029294,
                    "custAcctRel": "SOW",
                    "datAcctOpen": "20101210",
                    "flgNomineeNameDisplay": "N",
                    "nomineeAvailable": "Y",
                    "nomineeDOB": "19991101",
                    "nomineeName": "SOHANLAL D GURJAR",
                    "productCode": 100,
                    "productName": "SAVINGS A/C - RESIDENTS100",
                    "productType": "SAVING"
                },
                {
                    "accountNumber": "50100000018083",
                    "accountStatus": "10",
                    "accountType": "RESIDENT",
                    "acctBranchName": "HOWRAH LILUAH",
                    "balAvailable": 58857,
                    "branchCode": "531",
                    "clearBalance": 58857,
                    "custAcctRel": "SOW",
                    "datAcctOpen": "20120702",
                    "flgNomineeNameDisplay": "N",
                    "nomineeAvailable": "Y",
                    "nomineeDOB": "19850101",
                    "nomineeName": "sdsd",
                    "productCode": 100,
                    "productName": "SAVINGS A/C - RESIDENTS100",
                    "productType": "SAVING"
                },
                {
                    "accountNumber": "50100000080330",
                    "accountStatus": "10",
                    "accountType": "RESIDENT",
                    "acctBranchName": "MOHANIA",
                    "balAvailable": 8417670.96,
                    "branchCode": "2625",
                    "clearBalance": 8417670.96,
                    "custAcctRel": "SOW",
                    "datAcctOpen": "20130110",
                    "flgNomineeNameDisplay": "N",
                    "nomineeAvailable": "Y",
                    "nomineeDOB": "19870403",
                    "nomineeName": "SINDHU KAKAKRAJ",
                    "productCode": 100,
                    "productName": "SAVINGS A/C - RESIDENTS100",
                    "productType": "SAVING"
                },
                {
                    "accountNumber": "50100000743375",
                    "accountStatus": "10",
                    "accountType": "RESIDENT",
                    "acctBranchName": "MEMARI ANKAR-SUNDER NIWAS-HOSHIARP ",
                    "balAvailable": 27533.8,
                    "branchCode": "2373",
                    "clearBalance": 27533.8,
                    "custAcctRel": "SOW",
                    "datAcctOpen": "20130831",
                    "flgNomineeNameDisplay": "N",
                    "nomineeAvailable": "Y",
                    "nomineeDOB": "19911010",
                    "nomineeName": "AAA",
                    "productCode": 100,
                    "productName": "SAVINGS A/C - RESIDENTS100",
                    "productType": "SAVING"
                },
                {
                    "accountNumber": "50100001110601",
                    "accountStatus": "9",
                    "accountType": "RESIDENT",
                    "acctBranchName": "MEMARI ANKAR-SUNDER NIWAS-HOSHIARP ",
                    "balAvailable": -100209.4,
                    "branchCode": "2373",
                    "clearBalance": -100209.4,
                    "custAcctRel": "JOF",
                    "datAcctOpen": "20140626",
                    "nomineeAvailable": "N",
                    "productCode": 100,
                    "productName": "SAVINGS A/C - RESIDENTS100",
                    "productType": "SAVING"
                },
                {
                    "accountNumber": "50100001126019",
                    "accountStatus": "3",
                    "accountType": "RESIDENT",
                    "acctBranchName": "MEMARI ANKAR-SUNDER NIWAS-HOSHIARP ",
                    "balAvailable": 23005547.23,
                    "branchCode": "2373",
                    "clearBalance": 22788337.48,
                    "custAcctRel": "SOW",
                    "datAcctOpen": "20140728",
                    "flgNomineeNameDisplay": "N",
                    "nomineeAvailable": "Y",
                    "nomineeDOB": "20161101",
                    "nomineeGuardian": "name1",
                    "nomineeName": "b",
                    "productCode": 100,
                    "productName": "SAVINGS A/C - RESIDENTS100",
                    "productType": "SAVING"
                },
                {
                    "accountNumber": "50100100070251",
                    "accountStatus": "7",
                    "accountType": "RESIDENT",
                    "acctBranchName": "MEMARI ANKAR-SUNDER NIWAS-HOSHIARP ",
                    "balAvailable": 49997.5,
                    "branchCode": "2373",
                    "clearBalance": 49997.5,
                    "custAcctRel": "SOW",
                    "datAcctOpen": "20160617",
                    "flgNomineeNameDisplay": "N",
                    "nomineeAvailable": "Y",
                    "nomineeDOB": "19081121",
                    "nomineeName": "frwerwer",
                    "productCode": 100,
                    "productName": "SAVINGS A/C - RESIDENTS100",
                    "productType": "SAVING"
                },
                {
                    "accountNumber": "50100100070277",
                    "accountStatus": "10",
                    "accountType": "RESIDENT",
                    "acctBranchName": "MEMARI ANKAR-SUNDER NIWAS-HOSHIARP ",
                    "balAvailable": 171469,
                    "branchCode": "2373",
                    "clearBalance": 171469,
                    "custAcctRel": "SOW",
                    "datAcctOpen": "20160618",
                    "flgNomineeNameDisplay": "N",
                    "nomineeAvailable": "Y",
                    "nomineeDOB": "19900120",
                    "nomineeName": "Bhaskar",
                    "productCode": 100,
                    "productName": "SAVINGS A/C - RESIDENTS100",
                    "productType": "SAVING"
                },
                {
                    "accountNumber": "50100100695186",
                    "accountStatus": "3",
                    "accountType": "RESIDENT",
                    "acctBranchName": "NARIMAN PT TULSIANI CHMBRS",
                    "balAvailable": 76417594.04,
                    "branchCode": "1",
                    "clearBalance": 76417594.04,
                    "custAcctRel": "SOW",
                    "datAcctOpen": "20160721",
                    "flgNomineeNameDisplay": "N",
                    "nomineeAvailable": "Y",
                    "nomineeDOB": "19900101",
                    "nomineeName": "RD tet",
                    "productCode": 100,
                    "productName": "SAVINGS A/C - RESIDENTS100",
                    "productType": "SAVING"
                },
                {
                    "accountNumber": "50100100708960",
                    "accountStatus": "3",
                    "accountType": "RESIDENT",
                    "acctBranchName": "MEMARI ANKAR-SUNDER NIWAS-HOSHIARP ",
                    "balAvailable": 59463162.64,
                    "branchCode": "2373",
                    "clearBalance": 59421912.64,
                    "custAcctRel": "JOF",
                    "datAcctOpen": "20160818",
                    "nomineeAvailable": "N",
                    "productCode": 100,
                    "productName": "SAVINGS A/C - RESIDENTS100",
                    "productType": "SAVING"
                },
                {
                    "accountNumber": "50100100786800",
                    "accountStatus": "10",
                    "accountType": "RESIDENT",
                    "acctBranchName": "MEMARI ANKAR-SUNDER NIWAS-HOSHIARP ",
                    "balAvailable": 35,
                    "branchCode": "2373",
                    "clearBalance": 35,
                    "custAcctRel": "JOF",
                    "datAcctOpen": "20161107",
                    "nomineeAvailable": "N",
                    "productCode": 100,
                    "productName": "SAVINGS A/C - RESIDENTS100",
                    "productType": "SAVING"
                },
                {
                    "accountNumber": "50100100786813",
                    "accountStatus": "10",
                    "accountType": "RESIDENT",
                    "acctBranchName": "MEMARI ANKAR-SUNDER NIWAS-HOSHIARP ",
                    "balAvailable": 0,
                    "branchCode": "2373",
                    "clearBalance": 0,
                    "custAcctRel": "JOF",
                    "datAcctOpen": "20161107",
                    "nomineeAvailable": "N",
                    "productCode": 100,
                    "productName": "SAVINGS A/C - RESIDENTS100",
                    "productType": "SAVING"
                },
                {
                    "accountNumber": "50100101332234",
                    "accountStatus": "10",
                    "accountType": "RESIDENT",
                    "acctBranchName": "MEMARI ANKAR-SUNDER NIWAS-HOSHIARP ",
                    "balAvailable": 7501,
                    "branchCode": "2373",
                    "clearBalance": 7501,
                    "custAcctRel": "SOW",
                    "datAcctOpen": "20170616",
                    "nomineeAvailable": "N",
                    "productCode": 100,
                    "productName": "SAVINGS A/C - RESIDENTS100",
                    "productType": "SAVING"
                },
                {
                    "accountNumber": "50100101366137",
                    "accountStatus": "10",
                    "accountType": "RESIDENT",
                    "acctBranchName": "MEMARI ANKAR-SUNDER NIWAS-HOSHIARP ",
                    "balAvailable": 12199.7,
                    "branchCode": "2373",
                    "clearBalance": 12199.7,
                    "custAcctRel": "SOW",
                    "datAcctOpen": "20170703",
                    "nomineeAvailable": "N",
                    "productCode": 100,
                    "productName": "SAVINGS A/C - RESIDENTS100",
                    "productType": "SAVING"
                },
                {
                    "accountNumber": "50100101502951",
                    "accountStatus": "7",
                    "accountType": "RESIDENT",
                    "acctBranchName": "MEMARI ANKAR-SUNDER NIWAS-HOSHIARP ",
                    "balAvailable": 0,
                    "branchCode": "2373",
                    "clearBalance": 0,
                    "custAcctRel": "SOW",
                    "datAcctOpen": "20171004",
                    "flgNomineeNameDisplay": "N",
                    "nomineeAvailable": "Y",
                    "nomineeDOB": "19991101",
                    "nomineeName": "BHaskar",
                    "productCode": 100,
                    "productName": "SAVINGS A/C - RESIDENTS100",
                    "productType": "SAVING"
                },
                {
                    "accountNumber": "50100101526671",
                    "accountStatus": "7",
                    "accountType": "RESIDENT",
                    "acctBranchName": "MEMARI ANKAR-SUNDER NIWAS-HOSHIARP ",
                    "balAvailable": -73809.2,
                    "branchCode": "2373",
                    "clearBalance": -73809.2,
                    "custAcctRel": "SOW",
                    "datAcctOpen": "20171016",
                    "nomineeAvailable": "N",
                    "productCode": 100,
                    "productName": "SAVINGS A/C - RESIDENTS100",
                    "productType": "SAVING"
                },
                {
                    "accountNumber": "50100101526773",
                    "accountStatus": "7",
                    "accountType": "RESIDENT",
                    "acctBranchName": "MEMARI ANKAR-SUNDER NIWAS-HOSHIARP ",
                    "balAvailable": -36939.9,
                    "branchCode": "2373",
                    "clearBalance": -36939.9,
                    "custAcctRel": "SOW",
                    "datAcctOpen": "20171018",
                    "nomineeAvailable": "N",
                    "productCode": 100,
                    "productName": "SAVINGS A/C - RESIDENTS100",
                    "productType": "SAVING"
                },
                {
                    "accountNumber": "50100101526786",
                    "accountStatus": "7",
                    "accountType": "RESIDENT",
                    "acctBranchName": "MEMARI ANKAR-SUNDER NIWAS-HOSHIARP ",
                    "balAvailable": -36709.7,
                    "branchCode": "2373",
                    "clearBalance": -36709.7,
                    "custAcctRel": "SOW",
                    "datAcctOpen": "20171018",
                    "flgNomineeNameDisplay": "N",
                    "nomineeAvailable": "Y",
                    "nomineeDOB": "19990926",
                    "nomineeName": "sadad",
                    "productCode": 100,
                    "productName": "SAVINGS A/C - RESIDENTS100",
                    "productType": "SAVING"
                },
                {
                    "accountNumber": "50100101526810",
                    "accountStatus": "7",
                    "accountType": "RESIDENT",
                    "acctBranchName": "MEMARI ANKAR-SUNDER NIWAS-HOSHIARP ",
                    "balAvailable": -147558.5,
                    "branchCode": "2373",
                    "clearBalance": -147558.5,
                    "custAcctRel": "SOW",
                    "datAcctOpen": "20171018",
                    "nomineeAvailable": "N",
                    "productCode": 100,
                    "productName": "SAVINGS A/C - RESIDENTS100",
                    "productType": "SAVING"
                },
                {
                    "accountNumber": "50100101526823",
                    "accountStatus": "10",
                    "accountType": "RESIDENT",
                    "acctBranchName": "MEMARI ANKAR-SUNDER NIWAS-HOSHIARP ",
                    "balAvailable": 2,
                    "branchCode": "2373",
                    "clearBalance": 2,
                    "custAcctRel": "SOW",
                    "datAcctOpen": "20171018",
                    "nomineeAvailable": "N",
                    "productCode": 100,
                    "productName": "SAVINGS A/C - RESIDENTS100",
                    "productType": "SAVING"
                },
                {
                    "accountNumber": "50100101526836",
                    "accountStatus": "7",
                    "accountType": "RESIDENT",
                    "acctBranchName": "MEMARI ANKAR-SUNDER NIWAS-HOSHIARP ",
                    "balAvailable": -143247.1,
                    "branchCode": "2373",
                    "clearBalance": -143247.1,
                    "custAcctRel": "SOW",
                    "datAcctOpen": "20171023",
                    "nomineeAvailable": "N",
                    "productCode": 100,
                    "productName": "SAVINGS A/C - RESIDENTS100",
                    "productType": "SAVING"
                },
                {
                    "accountNumber": "50100101526977",
                    "accountStatus": "7",
                    "accountType": "RESIDENT",
                    "acctBranchName": "MEMARI ANKAR-SUNDER NIWAS-HOSHIARP ",
                    "balAvailable": -133903.2,
                    "branchCode": "2373",
                    "clearBalance": -133903.2,
                    "custAcctRel": "SOW",
                    "datAcctOpen": "20171026",
                    "flgNomineeNameDisplay": "N",
                    "nomineeAvailable": "Y",
                    "nomineeDOB": "19991129",
                    "nomineeGuardian": "dsf",
                    "nomineeName": "sd",
                    "productCode": 100,
                    "productName": "SAVINGS A/C - RESIDENTS100",
                    "productType": "SAVING"
                },
                {
                    "accountNumber": "50100101526980",
                    "accountStatus": "7",
                    "accountType": "RESIDENT",
                    "acctBranchName": "MEMARI ANKAR-SUNDER NIWAS-HOSHIARP ",
                    "balAvailable": -73731.3,
                    "branchCode": "2373",
                    "clearBalance": -73731.3,
                    "custAcctRel": "SOW",
                    "datAcctOpen": "20171026",
                    "nomineeAvailable": "N",
                    "productCode": 100,
                    "productName": "SAVINGS A/C - RESIDENTS100",
                    "productType": "SAVING"
                },
                {
                    "accountNumber": "50100108257191",
                    "accountStatus": "8",
                    "accountType": "RESIDENT",
                    "acctBranchName": "MEMARI ANKAR-SUNDER NIWAS-HOSHIARP ",
                    "balAvailable": 450122.51,
                    "branchCode": "2373",
                    "clearBalance": 37621.76,
                    "custAcctRel": "JOO",
                    "datAcctOpen": "20211130",
                    "nomineeAvailable": "N",
                    "productCode": 100,
                    "productName": "SAVINGS A/C - RESIDENTS100",
                    "productType": "SAVING"
                },
                {
                    "accountNumber": "50100101107467",
                    "accountStatus": "8",
                    "accountType": "NRO",
                    "acctBranchName": "MEMARI ANKAR-SUNDER NIWAS-HOSHIARP ",
                    "balAvailable": 20522,
                    "branchCode": "2373",
                    "clearBalance": 20522,
                    "custAcctRel": "TRU",
                    "datAcctOpen": "20170309",
                    "nomineeAvailable": "N",
                    "productCode": 101,
                    "productName": "SAVINGS - NRO1234",
                    "productType": "SAVING"
                },
                {
                    "accountNumber": "50100000696875",
                    "accountStatus": "14",
                    "accountType": "RESIDENT",
                    "acctBranchName": "BOISAR - MAHARASHTRA REST IS ALSJSJSJNNJ",
                    "balAvailable": 26277.14,
                    "branchCode": "160",
                    "clearBalance": 26277.14,
                    "custAcctRel": "JOF",
                    "datAcctOpen": "20130617",
                    "flgNomineeNameDisplay": "N",
                    "nomineeAvailable": "Y",
                    "nomineeDOB": "19900624",
                    "nomineeName": "sfsfsdf",
                    "productCode": 104,
                    "productName": "SAVINGS - SALARY CORPORATE TYPE 3",
                    "productType": "SAVING"
                },
                {
                    "accountNumber": "01601050089201",
                    "accountStatus": "7",
                    "accountType": "RESIDENT",
                    "acctBranchName": "PALA",
                    "balAvailable": 135445.5,
                    "branchCode": "1497",
                    "clearBalance": 135445.5,
                    "custAcctRel": "SOW",
                    "datAcctOpen": "20081123",
                    "nomineeAvailable": "N",
                    "productCode": 105,
                    "productName": "SAVINGS A/C CORP SALARY(ZERO BALANCE)",
                    "productType": "SAVING"
                },
                {
                    "accountNumber": "50100001375621",
                    "accountStatus": "12",
                    "accountType": "NRE",
                    "acctBranchName": "MEMARI ANKAR-SUNDER NIWAS-HOSHIARP ",
                    "balAvailable": -23226843,
                    "branchCode": "2373",
                    "clearBalance": -23226843,
                    "custAcctRel": "GUR",
                    "datAcctOpen": "20151109",
                    "nomineeAvailable": "N",
                    "productCode": 106,
                    "productName": "SAVINGS - NRE",
                    "productType": "SAVING"
                },
                {
                    "accountNumber": "50100100041695",
                    "accountStatus": "11",
                    "accountType": "RESIDENT",
                    "acctBranchName": "MEMARI ANKAR-SUNDER NIWAS-HOSHIARP ",
                    "balAvailable": 170107329.31,
                    "branchCode": "2373",
                    "clearBalance": 170107329.31,
                    "custAcctRel": "SOW",
                    "datAcctOpen": "20160402",
                    "nomineeAvailable": "N",
                    "productCode": 107,
                    "productName": "SAVINGS A/C - RESIDENT",
                    "productType": "SAVING"
                },
                {
                    "accountNumber": "50100100706276",
                    "accountStatus": "8",
                    "accountType": "RESIDENT",
                    "acctBranchName": "MEMARI ANKAR-SUNDER NIWAS-HOSHIARP ",
                    "balAvailable": 1272617472.18,
                    "branchCode": "2373",
                    "clearBalance": 1272617472.18,
                    "custAcctRel": "SOW",
                    "datAcctOpen": "20160804",
                    "nomineeAvailable": "N",
                    "productCode": 107,
                    "productName": "SAVINGS A/C - RESIDENT",
                    "productType": "SAVING"
                },
                {
                    "accountNumber": "50100100708641",
                    "accountStatus": "8",
                    "accountType": "RESIDENT",
                    "acctBranchName": "MEMARI ANKAR-SUNDER NIWAS-HOSHIARP ",
                    "balAvailable": 47979994464.75,
                    "branchCode": "2373",
                    "clearBalance": 47979949464.75,
                    "custAcctRel": "SOW",
                    "datAcctOpen": "20160816",
                    "flgNomineeNameDisplay": "N",
                    "nomineeAvailable": "Y",
                    "nomineeDOB": "19860621",
                    "nomineeName": "PKS",
                    "productCode": 111,
                    "productName": "SAVINGS ACCOUNTS - ",
                    "productType": "SAVING"
                },
                {
                    "accountNumber": "50100001194221",
                    "accountStatus": "4",
                    "accountType": "RESIDENT",
                    "acctBranchName": "HOWRAH LILUAH",
                    "balAvailable": 1501.5,
                    "branchCode": "531",
                    "clearBalance": 1501.5,
                    "custAcctRel": "SOW",
                    "datAcctOpen": "20150320",
                    "flgNomineeNameDisplay": "N",
                    "nomineeAvailable": "Y",
                    "nomineeDOB": "20050101",
                    "nomineeGuardian": "Hema",
                    "nomineeName": "Rajendra Shetty",
                    "productCode": 116,
                    "productName": "SAVINGS A/C - RESIDENT",
                    "productType": "SAVING"
                },
                {
                    "accountNumber": "50100001126108",
                    "accountStatus": "8",
                    "accountType": "RESIDENT",
                    "acctBranchName": "MEMARI ANKAR-SUNDER NIWAS-HOSHIARP ",
                    "balAvailable": 40027261.49,
                    "branchCode": "2373",
                    "clearBalance": 40027261.49,
                    "custAcctRel": "SOW",
                    "datAcctOpen": "20140730",
                    "flgNomineeNameDisplay": "N",
                    "nomineeAvailable": "Y",
                    "nomineeDOB": "19960101",
                    "nomineeName": "test",
                    "productCode": 120,
                    "productName": "SAVINGS ACCOUNT - SALARY (CLASSIC)",
                    "productType": "SAVING"
                },
                {
                    "accountNumber": "01732000002328",
                    "accountStatus": "8",
                    "accountType": "RESIDENT",
                    "acctBranchName": "MEMARI ANKAR-SUNDER NIWAS-HOSHIARP ",
                    "balAvailable": 556121.45,
                    "branchCode": "2373",
                    "clearBalance": 556121.45,
                    "custAcctRel": "JOF",
                    "datAcctOpen": "20100418",
                    "flgNomineeNameDisplay": "N",
                    "nomineeAvailable": "Y",
                    "nomineeDOB": "19000101",
                    "nomineeName": "KAVITA K MACHHI",
                    "productCode": 200,
                    "productName": "CURRENT ACCOUNT - RESIDENTS",
                    "productType": "CURRENT"
                },
                {
                    "accountNumber": "01732000002603",
                    "accountStatus": "8",
                    "accountType": "RESIDENT",
                    "acctBranchName": "MEMARI ANKAR-SUNDER NIWAS-HOSHIARP ",
                    "balAvailable": 395985,
                    "branchCode": "2373",
                    "clearBalance": 395985,
                    "custAcctRel": "SOW",
                    "datAcctOpen": "20110130",
                    "nomineeAvailable": "N",
                    "productCode": 200,
                    "productName": "CURRENT ACCOUNT - RESIDENTS",
                    "productType": "CURRENT"
                },
                {
                    "accountNumber": "50200002694662",
                    "accountStatus": "8",
                    "accountType": "RESIDENT",
                    "acctBranchName": "MEMARI ANKAR-SUNDER NIWAS-HOSHIARP ",
                    "balAvailable": 15153895939,
                    "branchCode": "2373",
                    "clearBalance": 15153895939,
                    "custAcctRel": "JOO",
                    "datAcctOpen": "20171216",
                    "nomineeAvailable": "N",
                    "productCode": 200,
                    "productName": "CURRENT ACCOUNT - RESIDENTS",
                    "productType": "CURRENT"
                },
                {
                    "accountNumber": "50200004628891",
                    "accountStatus": "8",
                    "accountType": "RESIDENT",
                    "acctBranchName": "MEMARI ANKAR-SUNDER NIWAS-HOSHIARP ",
                    "balAvailable": 4997,
                    "branchCode": "2373",
                    "clearBalance": 4997,
                    "custAcctRel": "SOW",
                    "datAcctOpen": "20210901",
                    "flgNomineeNameDisplay": "N",
                    "nomineeAvailable": "Y",
                    "nomineeDOB": "19860621",
                    "nomineeName": "PK",
                    "productCode": 200,
                    "productName": "CURRENT ACCOUNT - RESIDENTS",
                    "productType": "CURRENT"
                },
                {
                    "accountNumber": "50200004640565",
                    "accountStatus": "8",
                    "accountType": "RESIDENT",
                    "acctBranchName": "MEMARI ANKAR-SUNDER NIWAS-HOSHIARP ",
                    "balAvailable": 0,
                    "branchCode": "2373",
                    "clearBalance": 0,
                    "custAcctRel": "SOW",
                    "datAcctOpen": "20210908",
                    "flgNomineeNameDisplay": "N",
                    "nomineeAvailable": "Y",
                    "nomineeDOB": "19860621",
                    "nomineeName": "PK",
                    "productCode": 200,
                    "productName": "CURRENT ACCOUNT - RESIDENTS",
                    "productType": "CURRENT"
                },
                {
                    "accountNumber": "50200004695525",
                    "accountStatus": "8",
                    "accountType": "RESIDENT",
                    "acctBranchName": "MEMARI ANKAR-SUNDER NIWAS-HOSHIARP ",
                    "balAvailable": 0,
                    "branchCode": "2373",
                    "clearBalance": 0,
                    "custAcctRel": "SOW",
                    "datAcctOpen": "20210924",
                    "flgNomineeNameDisplay": "N",
                    "nomineeAvailable": "Y",
                    "nomineeDOB": "19860621",
                    "nomineeName": "PK",
                    "productCode": 200,
                    "productName": "CURRENT ACCOUNT - RESIDENTS",
                    "productType": "CURRENT"
                },
                {
                    "accountNumber": "50200004695538",
                    "accountStatus": "8",
                    "accountType": "RESIDENT",
                    "acctBranchName": "MEMARI ANKAR-SUNDER NIWAS-HOSHIARP ",
                    "balAvailable": 4997,
                    "branchCode": "2373",
                    "clearBalance": 4997,
                    "custAcctRel": "SOW",
                    "datAcctOpen": "20210924",
                    "flgNomineeNameDisplay": "N",
                    "nomineeAvailable": "Y",
                    "nomineeDOB": "19860621",
                    "nomineeName": "PK",
                    "productCode": 200,
                    "productName": "CURRENT ACCOUNT - RESIDENTS",
                    "productType": "CURRENT"
                },
                {
                    "accountNumber": "50200004844152",
                    "accountStatus": "8",
                    "accountType": "RESIDENT",
                    "acctBranchName": "MEMARI ANKAR-SUNDER NIWAS-HOSHIARP ",
                    "balAvailable": 4997,
                    "branchCode": "2373",
                    "clearBalance": 4997,
                    "custAcctRel": "SOW",
                    "datAcctOpen": "20211209",
                    "flgNomineeNameDisplay": "N",
                    "nomineeAvailable": "Y",
                    "nomineeDOB": "19860621",
                    "nomineeName": "test",
                    "productCode": 200,
                    "productName": "CURRENT ACCOUNT - RESIDENTS",
                    "productType": "CURRENT"
                },
                {
                    "accountNumber": "50200004844162",
                    "accountStatus": "8",
                    "accountType": "RESIDENT",
                    "acctBranchName": "MEMARI ANKAR-SUNDER NIWAS-HOSHIARP ",
                    "balAvailable": 4997,
                    "branchCode": "2373",
                    "clearBalance": 4997,
                    "custAcctRel": "SOW",
                    "datAcctOpen": "20211209",
                    "flgNomineeNameDisplay": "N",
                    "nomineeAvailable": "Y",
                    "nomineeDOB": "19860621",
                    "nomineeName": "test",
                    "productCode": 200,
                    "productName": "CURRENT ACCOUNT - RESIDENTS",
                    "productType": "CURRENT"
                },
                {
                    "accountNumber": "50200004844175",
                    "accountStatus": "8",
                    "accountType": "RESIDENT",
                    "acctBranchName": "MEMARI ANKAR-SUNDER NIWAS-HOSHIARP ",
                    "balAvailable": 4997,
                    "branchCode": "2373",
                    "clearBalance": 4997,
                    "custAcctRel": "SOW",
                    "datAcctOpen": "20211209",
                    "flgNomineeNameDisplay": "N",
                    "nomineeAvailable": "Y",
                    "nomineeDOB": "19860621",
                    "nomineeName": "test",
                    "productCode": 200,
                    "productName": "CURRENT ACCOUNT - RESIDENTS",
                    "productType": "CURRENT"
                },
                {
                    "accountNumber": "50200005106782",
                    "accountStatus": "8",
                    "accountType": "RESIDENT",
                    "acctBranchName": "MEMARI ANKAR-SUNDER NIWAS-HOSHIARP ",
                    "balAvailable": 0,
                    "branchCode": "2373",
                    "clearBalance": 0,
                    "custAcctRel": "SOW",
                    "datAcctOpen": "20220228",
                    "flgNomineeNameDisplay": "N",
                    "nomineeAvailable": "Y",
                    "nomineeDOB": "19860621",
                    "nomineeName": "PKS",
                    "productCode": 200,
                    "productName": "CURRENT ACCOUNT - RESIDENTS",
                    "productType": "CURRENT"
                },
                {
                    "accountNumber": "01732020000469",
                    "accountStatus": "8",
                    "accountType": "RESIDENT",
                    "acctBranchName": "MEMARI ANKAR-SUNDER NIWAS-HOSHIARP ",
                    "balAvailable": 135191793.41,
                    "branchCode": "2373",
                    "clearBalance": 135191793.41,
                    "custAcctRel": "TRU",
                    "datAcctOpen": "20110808",
                    "nomineeAvailable": "N",
                    "productCode": 202,
                    "productName": "CURRENT ACCOUNT RESIDENTS - PREMIUM",
                    "productType": "CURRENT"
                },
                {
                    "accountNumber": "50200002622132",
                    "accountStatus": "8",
                    "accountType": "RESIDENT",
                    "acctBranchName": "ALAKNANDA",
                    "balAvailable": 10054723.7,
                    "branchCode": "4753",
                    "clearBalance": 10054723.7,
                    "custAcctRel": "SOW",
                    "datAcctOpen": "20170712",
                    "flgNomineeNameDisplay": "N",
                    "nomineeAvailable": "Y",
                    "nomineeDOB": "19900129",
                    "nomineeName": "we",
                    "productCode": 210,
                    "productName": "OVERDRAFT AGAINST SHARES - RETAIL",
                    "productType": "CURRENT"
                },
                {
                    "accountNumber": "50200002691574",
                    "accountStatus": "7",
                    "accountType": "RESIDENT",
                    "acctBranchName": "MEMARI ANKAR-SUNDER NIWAS-HOSHIARP ",
                    "balAvailable": 0,
                    "branchCode": "2373",
                    "clearBalance": 0,
                    "custAcctRel": "SOW",
                    "datAcctOpen": "20171027",
                    "nomineeAvailable": "N",
                    "productCode": 258,
                    "productName": "STAFF REIMBURSEMENT ACCOUNT",
                    "productType": "CURRENT"
                },
                {
                    "accountNumber": "50200000003718",
                    "accountStatus": "10",
                    "accountType": "RESIDENT",
                    "acctBranchName": "BOISAR - MAHARASHTRA REST IS ALSJSJSJNNJ",
                    "balAvailable": 14463015932.63,
                    "branchCode": "160",
                    "clearBalance": 14463015932.63,
                    "custAcctRel": "SOW",
                    "datAcctOpen": "20141029",
                    "nomineeAvailable": "N",
                    "productCode": 299,
                    "productName": "DUMMY PRODUCT",
                    "productType": "CURRENT"
                },
                {
                    "accountNumber": "50100105062940",
                    "accountStatus": "8",
                    "accountType": "RESIDENT",
                    "acctBranchName": "PRABHADEVI",
                    "balAvailable": 107019308.4,
                    "branchCode": "12",
                    "clearBalance": 107019308.4,
                    "custAcctRel": "JOO",
                    "datAcctOpen": "20201017",
                    "nomineeAvailable": "N",
                    "productCode": 1166,
                    "productName": "SPECIALE PLATINUM SAVINGS ACCOUNT",
                    "productType": "SAVING"
                },
                {
                    "accountNumber": "50200003841724",
                    "accountStatus": "8",
                    "accountType": "RESIDENT",
                    "acctBranchName": "RAVIPURAM",
                    "balAvailable": 0,
                    "branchCode": "20",
                    "clearBalance": 0,
                    "custAcctRel": "SOW",
                    "datAcctOpen": "20201005",
                    "nomineeAvailable": "N",
                    "productCode": 1313,
                    "productName": "ASCENT CURRENT ACCOUNT",
                    "productType": "CURRENT"
                }
            ],
            "customerEmailId": "vasu.saw@gmail.com",
            "customerFullName": "ABHISHEK SONI",
            "customerGender": "M",
            "customerId": 50233130,
            "customerType": "I  ",
            "customerTypeDesc": "INDIVIDUALS",
            "dateOfBirth": "19771127",
            "ethnicCode": "E  ",
            "ethnicCodeDesc": "CLASSIC NON ",
            "existingCustomer": "Y",
            "mobileNumber": "919967193957",
            "panNo": "LBCDE1234Y",
            "panNoAvailable": "Y",
            "panStatus": "Operative",
            "rMBranchCity": "AMRAVATI",
            "rMBranchCode": 257,
            "rMBranchName": "AMRAVATI - MAHARASHTRA",
            "rMCode": "HCF1",
            "rMEmailID": "asit.ranjanprusty@hdfcbank.com",
            "rMEmpName": "ASIT RANJAN PRUSTY",
            "rMGroup": "F",
            "rMPhoneArea": "-",
            "rMPhoneCountry": "-",
            "rMPhoneExtn": "9393761140"
        }
    ]
}