<?xml version="1.0" encoding="UTF-8"?>
<definitions xmlns="http://www.omg.org/spec/BPMN/20100524/MODEL" xmlns:xsi="http://www.w3.org/2001/XMLSchema-instance" xmlns:xsd="http://www.w3.org/2001/XMLSchema" xmlns:flowable="http://flowable.org/bpmn" xmlns:bpmndi="http://www.omg.org/spec/BPMN/20100524/DI" xmlns:omgdc="http://www.omg.org/spec/DD/20100524/DC" xmlns:omgdi="http://www.omg.org/spec/DD/20100524/DI" typeLanguage="http://www.w3.org/2001/XMLSchema" expressionLanguage="http://www.w3.org/1999/XPath" targetNamespace="BL Engine" exporter="Flowable Open Source Modeler" exporterVersion="6.7.2">
  <signal id="statusSingle" name="status Single" flowable:scope="processInstance"></signal>
  <process id="bl-engine-workflow_v1" name="bl-engine-workflow_v1" isExecutable="true">
    <documentation>bl-engine-workflow_v1</documentation>
    <startEvent id="start" name="Start" flowable:formFieldValidation="true"></startEvent>
    <sequenceFlow id="sid-721A6F13-6C0B-407B-9293-1FF3B6E17B4C" sourceRef="start" targetRef="CustomerIdentification"></sequenceFlow>
    <intermediateCatchEvent id="CustomerIdentification" name="Start Event">
      <signalEventDefinition signalRef="statusSingle"></signalEventDefinition>
    </intermediateCatchEvent>
    <sequenceFlow id="sid-3DFC34DE-6640-46A4-AC23-F28E1E0244B2" sourceRef="CustomerIdentification" targetRef="CustomerIdentification_call"></sequenceFlow>
    <serviceTask id="CustomerIdentification_call" name="Customer Identification Call" flowable:delegateExpression="${restServiceDelegate}"></serviceTask>
    <sequenceFlow id="sid-92B9332A-138A-4CA7-A828-B28B5D49F7B2" sourceRef="CustomerIdentification_call" targetRef="OTPAndGetDemogDetails"></sequenceFlow>
    <intermediateCatchEvent id="OTPAndGetDemogDetails" name="Step I Done">
      <signalEventDefinition signalRef="statusSingle"></signalEventDefinition>
    </intermediateCatchEvent>
    <sequenceFlow id="sid-DBC8F2F2-DAE4-49FC-8C6C-7B35A09E829E" sourceRef="OTPAndGetDemogDetails" targetRef="OTPAndGetDemogDetails_call"></sequenceFlow>
    <serviceTask id="OTPAndGetDemogDetails_call" name="OTP &amp; Demog Details Call" flowable:delegateExpression="${restServiceDelegate}"></serviceTask>
    <sequenceFlow id="sid-B136077E-F3D2-4688-AE60-1E38D355C6FE" sourceRef="OTPAndGetDemogDetails_call" targetRef="PANEnquiry"></sequenceFlow>
    <intermediateCatchEvent id="PANEnquiry" name="Step II Done">
      <signalEventDefinition signalRef="statusSingle"></signalEventDefinition>
    </intermediateCatchEvent>
    <sequenceFlow id="sid-BD9B2182-0793-4D96-B371-99C3EC7733BB" sourceRef="PANEnquiry" targetRef="PANEnquiry_call"></sequenceFlow>
    <serviceTask id="PANEnquiry_call" name="PAN Enquiry" flowable:delegateExpression="${restServiceDelegate}"></serviceTask>
    <sequenceFlow id="sid-EFAE4D88-CBAC-459E-B659-1689311E6092" sourceRef="PANEnquiry_call" targetRef="MCIData"></sequenceFlow>
    <intermediateCatchEvent id="MCIData" name="Step-III Done">
      <signalEventDefinition signalRef="statusSingle"></signalEventDefinition>
    </intermediateCatchEvent>
    <sequenceFlow id="sid-A061A428-1ED3-4F9A-8629-4B3F00D41B0D" sourceRef="MCIData" targetRef="MCIData_call"></sequenceFlow>
    <serviceTask id="MCIData_call" name="MCI Data" flowable:delegateExpression="${restServiceDelegate}"></serviceTask>
    <sequenceFlow id="sid-B1A93949-3C0E-483D-9567-1F844F6B6FF2" sourceRef="MCIData_call" targetRef="ElectricityData"></sequenceFlow>
    <intermediateCatchEvent id="ElectricityData" name="Step-IV Done">
      <signalEventDefinition signalRef="statusSingle"></signalEventDefinition>
    </intermediateCatchEvent>
    <sequenceFlow id="sid-B0BB9749-DAAE-4313-87CD-8860FB77AC94" sourceRef="ElectricityData" targetRef="ElectricityData_call"></sequenceFlow>
    <serviceTask id="ElectricityData_call" name="Electricity Data" flowable:delegateExpression="${restServiceDelegate}"></serviceTask>
    <sequenceFlow id="sid-500BCC48-C53F-416B-BA1F-5A989CDF6B71" sourceRef="ElectricityData_call" targetRef="EmailValidation"></sequenceFlow>
    <intermediateCatchEvent id="EmailValidation" name="Step-V Done">
      <signalEventDefinition signalRef="statusSingle"></signalEventDefinition>
    </intermediateCatchEvent>
    <sequenceFlow id="sid-A16B93B2-B1E2-45C4-AF78-621651DB8A74" sourceRef="EmailValidation" targetRef="EmailValidation_call"></sequenceFlow>
    <serviceTask id="EmailValidation_call" name="Email OTP Validation" flowable:delegateExpression="${restServiceDelegate}"></serviceTask>
    <sequenceFlow id="sid-D60E8D26-9D15-4F29-9D84-650ABBA731A6" sourceRef="EmailValidation_call" targetRef="InitiateEKyc"></sequenceFlow>
    <intermediateCatchEvent id="InitiateEKyc" name="Step-VI Done">
      <signalEventDefinition signalRef="statusSingle"></signalEventDefinition>
    </intermediateCatchEvent>
    <sequenceFlow id="sid-FBC3CBC4-80DD-46D5-A5B1-DF01B35ED331" sourceRef="InitiateEKyc" targetRef="InitiateEKyc_call"></sequenceFlow>
    <serviceTask id="InitiateEKyc_call" name="E-KYC" flowable:delegateExpression="${restServiceDelegate}"></serviceTask>
    <sequenceFlow id="sid-53BC74A9-E929-4E55-8DD8-FFDA9C3FC9FD" sourceRef="InitiateEKyc_call" targetRef="InitiateIncomeUpload"></sequenceFlow>
    <intermediateCatchEvent id="InitiateIncomeUpload" name="Step-VII Done">
      <signalEventDefinition signalRef="statusSingle"></signalEventDefinition>
    </intermediateCatchEvent>
    <sequenceFlow id="sid-47A777D4-F8AA-4C09-8921-4FC5F43BE12B" sourceRef="InitiateIncomeUpload" targetRef="InitiateIncomeUpload_call"></sequenceFlow>
    <serviceTask id="InitiateIncomeUpload_call" name="Income Upload" flowable:delegateExpression="${restServiceDelegate}"></serviceTask>
    <sequenceFlow id="sid-9B5FB3A8-F29A-4E4E-9E0C-21EDC80A6D71" sourceRef="InitiateIncomeUpload_call" targetRef="workflowCompleted"></sequenceFlow>
    <intermediateCatchEvent id="workflowCompleted" name="lastSingle">
      <signalEventDefinition signalRef="statusSingle"></signalEventDefinition>
    </intermediateCatchEvent>
    <endEvent id="end" name="END"></endEvent>
    <sequenceFlow id="sid-06280FDB-62F6-4B74-9437-59C3996DA0AF" sourceRef="workflowCompleted" targetRef="end"></sequenceFlow>
  </process>
  <bpmndi:BPMNDiagram id="BPMNDiagram_bl-engine-workflow_v1">
    <bpmndi:BPMNPlane bpmnElement="bl-engine-workflow_v1" id="BPMNPlane_bl-engine-workflow_v1">
      <bpmndi:BPMNShape bpmnElement="start" id="BPMNShape_start">
        <omgdc:Bounds height="30.0" width="30.0" x="60.0" y="15.0"></omgdc:Bounds>
      </bpmndi:BPMNShape>
      <bpmndi:BPMNShape bpmnElement="CustomerIdentification" id="BPMNShape_CustomerIdentification">
        <omgdc:Bounds height="30.0" width="30.0" x="60.0" y="90.0"></omgdc:Bounds>
      </bpmndi:BPMNShape>
      <bpmndi:BPMNShape bpmnElement="CustomerIdentification_call" id="BPMNShape_CustomerIdentification_call">
        <omgdc:Bounds height="80.0" width="100.0" x="120.0" y="60.0"></omgdc:Bounds>
      </bpmndi:BPMNShape>
      <bpmndi:BPMNShape bpmnElement="OTPAndGetDemogDetails" id="BPMNShape_OTPAndGetDemogDetails">
        <omgdc:Bounds height="30.0" width="30.0" x="270.0" y="85.0"></omgdc:Bounds>
      </bpmndi:BPMNShape>
      <bpmndi:BPMNShape bpmnElement="OTPAndGetDemogDetails_call" id="BPMNShape_OTPAndGetDemogDetails_call">
        <omgdc:Bounds height="80.0" width="100.0" x="345.0" y="60.0"></omgdc:Bounds>
      </bpmndi:BPMNShape>
      <bpmndi:BPMNShape bpmnElement="PANEnquiry" id="BPMNShape_PANEnquiry">
        <omgdc:Bounds height="30.0" width="30.0" x="495.0" y="85.0"></omgdc:Bounds>
      </bpmndi:BPMNShape>
      <bpmndi:BPMNShape bpmnElement="PANEnquiry_call" id="BPMNShape_PANEnquiry_call">
        <omgdc:Bounds height="80.0" width="100.0" x="570.0" y="60.0"></omgdc:Bounds>
      </bpmndi:BPMNShape>
      <bpmndi:BPMNShape bpmnElement="MCIData" id="BPMNShape_MCIData">
        <omgdc:Bounds height="30.0" width="30.0" x="715.5" y="85.0"></omgdc:Bounds>
      </bpmndi:BPMNShape>
      <bpmndi:BPMNShape bpmnElement="MCIData_call" id="BPMNShape_MCIData_call">
        <omgdc:Bounds height="80.0" width="100.0" x="790.5" y="60.0"></omgdc:Bounds>
      </bpmndi:BPMNShape>
      <bpmndi:BPMNShape bpmnElement="ElectricityData" id="BPMNShape_ElectricityData">
        <omgdc:Bounds height="30.0" width="30.0" x="936.25" y="85.0"></omgdc:Bounds>
      </bpmndi:BPMNShape>
      <bpmndi:BPMNShape bpmnElement="ElectricityData_call" id="BPMNShape_ElectricityData_call">
        <omgdc:Bounds height="80.0" width="100.0" x="135.0" y="195.0"></omgdc:Bounds>
      </bpmndi:BPMNShape>
      <bpmndi:BPMNShape bpmnElement="EmailValidation" id="BPMNShape_EmailValidation">
        <omgdc:Bounds height="30.0" width="30.0" x="280.5" y="220.25"></omgdc:Bounds>
      </bpmndi:BPMNShape>
      <bpmndi:BPMNShape bpmnElement="EmailValidation_call" id="BPMNShape_EmailValidation_call">
        <omgdc:Bounds height="80.0" width="100.0" x="345.0" y="195.0"></omgdc:Bounds>
      </bpmndi:BPMNShape>
      <bpmndi:BPMNShape bpmnElement="InitiateEKyc" id="BPMNShape_InitiateEKyc">
        <omgdc:Bounds height="30.0" width="30.0" x="501.25" y="220.625"></omgdc:Bounds>
      </bpmndi:BPMNShape>
      <bpmndi:BPMNShape bpmnElement="InitiateEKyc_call" id="BPMNShape_InitiateEKyc_call">
        <omgdc:Bounds height="80.0" width="100.0" x="576.25" y="195.625"></omgdc:Bounds>
      </bpmndi:BPMNShape>
      <bpmndi:BPMNShape bpmnElement="InitiateIncomeUpload" id="BPMNShape_InitiateIncomeUpload">
        <omgdc:Bounds height="30.0" width="30.0" x="721.875" y="220.6875"></omgdc:Bounds>
      </bpmndi:BPMNShape>
      <bpmndi:BPMNShape bpmnElement="InitiateIncomeUpload_call" id="BPMNShape_InitiateIncomeUpload_call">
        <omgdc:Bounds height="80.0" width="100.0" x="795.0" y="195.0"></omgdc:Bounds>
      </bpmndi:BPMNShape>
      <bpmndi:BPMNShape bpmnElement="workflowCompleted" id="BPMNShape_workflowCompleted">
        <omgdc:Bounds height="30.0" width="30.0" x="942.8125" y="220.78125"></omgdc:Bounds>
      </bpmndi:BPMNShape>
      <bpmndi:BPMNShape bpmnElement="end" id="BPMNShape_end">
        <omgdc:Bounds height="28.0" width="28.0" x="945.0" y="285.0"></omgdc:Bounds>
      </bpmndi:BPMNShape>
      <bpmndi:BPMNEdge bpmnElement="sid-721A6F13-6C0B-407B-9293-1FF3B6E17B4C" id="BPMNEdge_sid-721A6F13-6C0B-407B-9293-1FF3B6E17B4C" flowable:sourceDockerX="15.0" flowable:sourceDockerY="15.0" flowable:targetDockerX="15.483870967741934" flowable:targetDockerY="15.746309458720612">
        <omgdi:waypoint x="75.09549938413555" y="44.94963693701372"></omgdi:waypoint>
        <omgdi:waypoint x="75.3832060252782" y="90.0001213071975"></omgdi:waypoint>
      </bpmndi:BPMNEdge>
      <bpmndi:BPMNEdge bpmnElement="sid-92B9332A-138A-4CA7-A828-B28B5D49F7B2" id="BPMNEdge_sid-92B9332A-138A-4CA7-A828-B28B5D49F7B2" flowable:sourceDockerX="50.0" flowable:sourceDockerY="40.0" flowable:targetDockerX="15.483870967741934" flowable:targetDockerY="15.746309458720612">
        <omgdi:waypoint x="219.94999999999837" y="100.32279968752958"></omgdi:waypoint>
        <omgdi:waypoint x="270.000099527106" y="100.64624759882251"></omgdi:waypoint>
      </bpmndi:BPMNEdge>
      <bpmndi:BPMNEdge bpmnElement="sid-06280FDB-62F6-4B74-9437-59C3996DA0AF" id="BPMNEdge_sid-06280FDB-62F6-4B74-9437-59C3996DA0AF" flowable:sourceDockerX="15.0" flowable:sourceDockerY="15.0" flowable:targetDockerX="14.0" flowable:targetDockerY="14.0">
        <omgdi:waypoint x="958.0932719344249" y="250.7284484205628"></omgdi:waypoint>
        <omgdi:waypoint x="958.7370142163676" y="285.0017680942482"></omgdi:waypoint>
      </bpmndi:BPMNEdge>
      <bpmndi:BPMNEdge bpmnElement="sid-EFAE4D88-CBAC-459E-B659-1689311E6092" id="BPMNEdge_sid-EFAE4D88-CBAC-459E-B659-1689311E6092" flowable:sourceDockerX="50.0" flowable:sourceDockerY="40.0" flowable:targetDockerX="15.483870967741934" flowable:targetDockerY="15.880893300248138">
        <omgdi:waypoint x="669.949999999999" y="100.39645959330598"></omgdi:waypoint>
        <omgdi:waypoint x="715.500193440597" y="100.75799942258458"></omgdi:waypoint>
      </bpmndi:BPMNEdge>
      <bpmndi:BPMNEdge bpmnElement="sid-3DFC34DE-6640-46A4-AC23-F28E1E0244B2" id="BPMNEdge_sid-3DFC34DE-6640-46A4-AC23-F28E1E0244B2" flowable:sourceDockerX="15.0" flowable:sourceDockerY="15.0" flowable:targetDockerX="50.0" flowable:targetDockerY="40.0">
        <omgdi:waypoint x="89.92970436574113" y="104.21159807961102"></omgdi:waypoint>
        <omgdi:waypoint x="119.99999999999993" y="102.62894736842105"></omgdi:waypoint>
      </bpmndi:BPMNEdge>
      <bpmndi:BPMNEdge bpmnElement="sid-B0BB9749-DAAE-4313-87CD-8860FB77AC94" id="BPMNEdge_sid-B0BB9749-DAAE-4313-87CD-8860FB77AC94" flowable:sourceDockerX="15.0" flowable:sourceDockerY="15.0" flowable:targetDockerX="50.0" flowable:targetDockerY="40.0">
        <omgdi:waypoint x="951.25" y="114.94999554225339"></omgdi:waypoint>
        <omgdi:waypoint x="951.25" y="164.0"></omgdi:waypoint>
        <omgdi:waypoint x="185.0" y="164.0"></omgdi:waypoint>
        <omgdi:waypoint x="185.0" y="195.0"></omgdi:waypoint>
      </bpmndi:BPMNEdge>
      <bpmndi:BPMNEdge bpmnElement="sid-DBC8F2F2-DAE4-49FC-8C6C-7B35A09E829E" id="BPMNEdge_sid-DBC8F2F2-DAE4-49FC-8C6C-7B35A09E829E" flowable:sourceDockerX="15.0" flowable:sourceDockerY="15.0" flowable:targetDockerX="50.0" flowable:targetDockerY="40.0">
        <omgdi:waypoint x="299.9499984899576" y="100.0"></omgdi:waypoint>
        <omgdi:waypoint x="345.0" y="100.0"></omgdi:waypoint>
      </bpmndi:BPMNEdge>
      <bpmndi:BPMNEdge bpmnElement="sid-BD9B2182-0793-4D96-B371-99C3EC7733BB" id="BPMNEdge_sid-BD9B2182-0793-4D96-B371-99C3EC7733BB" flowable:sourceDockerX="15.0" flowable:sourceDockerY="15.0" flowable:targetDockerX="50.0" flowable:targetDockerY="40.0">
        <omgdi:waypoint x="524.9499984899577" y="100.0"></omgdi:waypoint>
        <omgdi:waypoint x="570.0" y="100.0"></omgdi:waypoint>
      </bpmndi:BPMNEdge>
      <bpmndi:BPMNEdge bpmnElement="sid-53BC74A9-E929-4E55-8DD8-FFDA9C3FC9FD" id="BPMNEdge_sid-53BC74A9-E929-4E55-8DD8-FFDA9C3FC9FD" flowable:sourceDockerX="50.0" flowable:sourceDockerY="40.0" flowable:targetDockerX="15.61398753049607" flowable:targetDockerY="15.548657038736673">
        <omgdi:waypoint x="676.1999999999999" y="235.89942980885212"></omgdi:waypoint>
        <omgdi:waypoint x="721.8750585973211" y="236.15037366030845"></omgdi:waypoint>
      </bpmndi:BPMNEdge>
      <bpmndi:BPMNEdge bpmnElement="sid-D60E8D26-9D15-4F29-9D84-650ABBA731A6" id="BPMNEdge_sid-D60E8D26-9D15-4F29-9D84-650ABBA731A6" flowable:sourceDockerX="50.0" flowable:sourceDockerY="40.0" flowable:targetDockerX="15.746309458720612" flowable:targetDockerY="15.880893300248138">
        <omgdi:waypoint x="444.95000000000005" y="235.0"></omgdi:waypoint>
        <omgdi:waypoint x="473.125" y="235.0"></omgdi:waypoint>
        <omgdi:waypoint x="468.0" y="235.0"></omgdi:waypoint>
        <omgdi:waypoint x="501.2562249086225" y="236.02215337415004"></omgdi:waypoint>
      </bpmndi:BPMNEdge>
      <bpmndi:BPMNEdge bpmnElement="sid-A16B93B2-B1E2-45C4-AF78-621651DB8A74" id="BPMNEdge_sid-A16B93B2-B1E2-45C4-AF78-621651DB8A74" flowable:sourceDockerX="15.0" flowable:sourceDockerY="15.0" flowable:targetDockerX="50.0" flowable:targetDockerY="40.0">
        <omgdi:waypoint x="310.4499537831588" y="235.21231167429977"></omgdi:waypoint>
        <omgdi:waypoint x="344.99999999999665" y="235.12550251256283"></omgdi:waypoint>
      </bpmndi:BPMNEdge>
      <bpmndi:BPMNEdge bpmnElement="sid-FBC3CBC4-80DD-46D5-A5B1-DF01B35ED331" id="BPMNEdge_sid-FBC3CBC4-80DD-46D5-A5B1-DF01B35ED331" flowable:sourceDockerX="15.0" flowable:sourceDockerY="15.0" flowable:targetDockerX="50.0" flowable:targetDockerY="40.0">
        <omgdi:waypoint x="531.1999984899577" y="235.625"></omgdi:waypoint>
        <omgdi:waypoint x="576.2499999999917" y="235.625"></omgdi:waypoint>
      </bpmndi:BPMNEdge>
      <bpmndi:BPMNEdge bpmnElement="sid-500BCC48-C53F-416B-BA1F-5A989CDF6B71" id="BPMNEdge_sid-500BCC48-C53F-416B-BA1F-5A989CDF6B71" flowable:sourceDockerX="50.0" flowable:sourceDockerY="40.0" flowable:targetDockerX="15.483870967741934" flowable:targetDockerY="15.746309458720612">
        <omgdi:waypoint x="234.94999999999976" y="235.4484044125435"></omgdi:waypoint>
        <omgdi:waypoint x="280.5002839451624" y="235.85731504063617"></omgdi:waypoint>
      </bpmndi:BPMNEdge>
      <bpmndi:BPMNEdge bpmnElement="sid-B136077E-F3D2-4688-AE60-1E38D355C6FE" id="BPMNEdge_sid-B136077E-F3D2-4688-AE60-1E38D355C6FE" flowable:sourceDockerX="50.0" flowable:sourceDockerY="40.0" flowable:targetDockerX="15.746309458720612" flowable:targetDockerY="15.880893300248138">
        <omgdi:waypoint x="444.95000000000005" y="100.38014706951056"></omgdi:waypoint>
        <omgdi:waypoint x="495.0001811194716" y="100.76105853510323"></omgdi:waypoint>
      </bpmndi:BPMNEdge>
      <bpmndi:BPMNEdge bpmnElement="sid-A061A428-1ED3-4F9A-8629-4B3F00D41B0D" id="BPMNEdge_sid-A061A428-1ED3-4F9A-8629-4B3F00D41B0D" flowable:sourceDockerX="15.0" flowable:sourceDockerY="15.0" flowable:targetDockerX="50.0" flowable:targetDockerY="40.0">
        <omgdi:waypoint x="745.4499984899576" y="100.0"></omgdi:waypoint>
        <omgdi:waypoint x="790.5" y="100.0"></omgdi:waypoint>
      </bpmndi:BPMNEdge>
      <bpmndi:BPMNEdge bpmnElement="sid-B1A93949-3C0E-483D-9567-1F844F6B6FF2" id="BPMNEdge_sid-B1A93949-3C0E-483D-9567-1F844F6B6FF2" flowable:sourceDockerX="50.0" flowable:sourceDockerY="40.0" flowable:targetDockerX="15.746309458720612" flowable:targetDockerY="15.548657038736673">
        <omgdi:waypoint x="890.4499999999978" y="100.24579664760154"></omgdi:waypoint>
        <omgdi:waypoint x="936.2500385479684" y="100.47117269421274"></omgdi:waypoint>
      </bpmndi:BPMNEdge>
      <bpmndi:BPMNEdge bpmnElement="sid-47A777D4-F8AA-4C09-8921-4FC5F43BE12B" id="BPMNEdge_sid-47A777D4-F8AA-4C09-8921-4FC5F43BE12B" flowable:sourceDockerX="15.0" flowable:sourceDockerY="15.0" flowable:targetDockerX="50.0" flowable:targetDockerY="40.0">
        <omgdi:waypoint x="751.8247040691818" y="235.59212616538923"></omgdi:waypoint>
        <omgdi:waypoint x="794.9999999999989" y="235.31760115606937"></omgdi:waypoint>
      </bpmndi:BPMNEdge>
      <bpmndi:BPMNEdge bpmnElement="sid-9B5FB3A8-F29A-4E4E-9E0C-21EDC80A6D71" id="BPMNEdge_sid-9B5FB3A8-F29A-4E4E-9E0C-21EDC80A6D71" flowable:sourceDockerX="50.0" flowable:sourceDockerY="40.0" flowable:targetDockerX="15.94905164059255" flowable:targetDockerY="15.581253804017042">
        <omgdi:waypoint x="894.9499999999982" y="235.59824311491164"></omgdi:waypoint>
        <omgdi:waypoint x="942.8132098498535" y="236.17149863724993"></omgdi:waypoint>
      </bpmndi:BPMNEdge>
    </bpmndi:BPMNPlane>
  </bpmndi:BPMNDiagram>
</definitions>