<?xml version="1.0" encoding="UTF-8"?>
<definitions id="definitions"
	xmlns="http://www.omg.org/spec/BPMN/20100524/MODEL"
	xmlns:activiti="http://activiti.org/bpmn"
	xmlns:flowable="http://flowable.org/bpmn" targetNamespace="AssetEngine">

	<signal id="alertSignal" name="alert" />
	<process id="journeyworkflow">


		<startEvent id="theStart" />

		<intermediateCatchEvent id="signalEventStart"
			name="Alert">
			<signalEventDefinition signalRef="alertSignal" />
		</intermediateCatchEvent>
		
		<intermediateCatchEvent id="signalEventAPI1"
			name="Alert">
			<signalEventDefinition signalRef="alertSignal" />
		</intermediateCatchEvent>

	<intermediateCatchEvent id="signalEventAPIStop"
			name="Alert">
			<signalEventDefinition signalRef="alertSignal" />
		</intermediateCatchEvent>

		<serviceTask id="customerServiceAPI"
			name="Java service invocation"
			flowable:delegateExpression="${restServiceDelegate}" />
		<serviceTask id="offerAPI"
			name="Java service invocation"
			flowable:delegateExpression="${restServiceDelegate}" />
	
		<sequenceFlow id="flow1" sourceRef="theStart"
			targetRef="signalEventStart" />
		<sequenceFlow id="flow21" sourceRef="signalEventStart"
			targetRef="customerServiceAPI" />
		<sequenceFlow id="flow23" sourceRef="customerServiceAPI"
			targetRef="signalEventAPI1" />
		<sequenceFlow id="flow3" sourceRef="signalEventAPI1"
			targetRef="offerAPI" />
		<sequenceFlow id="flow4" sourceRef="offerAPI"
			targetRef="signalEventAPIStop" />
		<sequenceFlow id="flow5" sourceRef="signalEventAPIStop"
			targetRef="theEnd" />
		<!-- <sequenceFlow id="flow2" sourceRef="javaService" targetRef="waitState" 
			/> <receiveTask id="waitState" /> -->


		<endEvent id="theEnd" />

	</process>

</definitions>